id,kind,title,authors,year,role,domains,doi,url,access,importance,evidence_note,connections
paper-pekel-2016-gsw,paper,High-resolution mapping of global surface water and its long-term changes,Jean-François Pekel; Andrew Cottam; Noel Gorelick; Alan S. Belward,2016,seminal; foundational; benchmark,surface_water; earth_observation,10.1038/nature20584,https://www.nature.com/articles/nature20584,publisher_page,Foundational global surface-water mapping reference; establishes a long temporal Landsat baseline and the JRC Global Surface Water product.,Direct EO observation of surface-water occurrence/change; must not be generalized to groundwater presence.,dataset-jrc-gsw-v1-4; dataset-landsat-c2-sr
paper-groundwater-validation-review-2024,paper,Analysis of methods used to validate remote sensing and GIS-based groundwater potential maps in the last two decades: A review,,2024,review; methodological,groundwater_potential; hydrogeology; remote_sensing; gis,10.1016/j.geogeo.2023.100245,https://doi.org/10.1016/j.geogeo.2023.100245,open_access,Reviews 125 studies and makes validation quality a central issue; field data reflecting aquifer productivity are preferable validation evidence.,Groundwater-potential maps are indirect inference products and require field/hydrogeologic validation.,concept-groundwater-potential; concept-field-validation
paper-groundwater-ml-review-2026,paper,Groundwater Potential Mapping Using Machine Learning Techniques: Current Trends and Future Perspectives,,2026,review; state_of_the_art,groundwater_potential; machine_learning; gis; remote_sensing,,https://www.mdpi.com/2073-4441/18/8/947,open_access,"Recent synthesis emphasizing explainability, uncertainty, multi-source integration and transferability as research gaps.",Useful state-of-the-art map; quality depends on validation and regional transfer.,concept-groundwater-potential; concept-xai; concept-uncertainty
paper-kle-pinn-groundwater-2024,paper,Groundwater inverse modeling: Physics-informed neural network with disentangled constraints and errors,Yuzhe Ji; Yuanyuan Zha; Tian-Chyi J. Yeh; Liangsheng Shi; Yanling Wang,2024,methodological; state_of_the_art,groundwater; pinns; inverse_problems; hydrogeology,,https://www.sciencedirect.com/science/article/pii/S0022169424010990,publisher_page,Concrete physics-informed inverse-modeling route: estimates hydraulic conductivity using a PINN plus Karhunen–Loève expansion.,"Physics-informed inference concerns subsurface flow/parameters, not direct satellite detection of groundwater.",concept-pinn; concept-groundwater-flow; concept-hydraulic-conductivity
paper-geothermal-rs-review-2014,paper,Geologic remote sensing for geothermal exploration: A review,Freek van der Meer; Christoph Hecker; Frank van Ruitenbeek; Harald van der Werff; Charlotte de Wijkerslooth; Carolina Wechsler,2014,foundational; review,geothermal; remote_sensing; geology,10.1016/j.jag.2014.05.007,https://www.sciencedirect.com/science/article/abs/pii/S0303243414001275,publisher_page,"Foundational review connecting SWIR alteration mineralogy, TIR temperature/heat flux and InSAR deformation with geothermal exploration.","Remote-sensing observables are exploration evidence/proxies, not reservoir confirmation.",concept-geothermal-prospectivity; concept-swir; concept-tir; concept-insar
paper-geothermal-ml-review-2023,paper,Advances in geothermal energy prospectivity mapping research based on machine learning in the age of big data,Yongyi Li; Ghaffar Ali; Abdul Rehman Akbar,2023,review; methodological,geothermal; machine_learning; gis,10.1016/j.seta.2023.103550,https://www.sciencedirect.com/science/article/pii/S221313882300543X,publisher_page,Maps the transition from conventional prospectivity mapping to ML-enhanced play fairway analysis.,Useful methodology bridge from expert weighting to data-driven models.,concept-geothermal-prospectivity; concept-play-fairway-analysis; concept-machine-learning
paper-geothermal-review-2026,paper,"Review on geothermal prospectivity mapping: Global trends, challenges, and future directions",Ahmad Ibrahim Aliyu; Haylay Tsegab Gebretsadik; James Olosegbuwa Egbokhare; Mushtaq Ahmad; Abdulrasheed Ibrahim Yerima; Asmau Iyabo Balogun,2026,review; state_of_the_art,geothermal; machine_learning; xai; uncertainty,10.1016/j.rser.2026.117164,https://www.sciencedirect.com/science/article/pii/S1364032126004636,publisher_page,"Current global review (~100 studies); highlights hybrid expert+statistical+ensemble approaches, XAI and uncertainty as frontier issues.",Strong frontier anchor for research gaps and validation design.,paper-geothermal-ml-review-2023; concept-xai; concept-uncertainty; concept-geothermal-prospectivity
paper-geothermal-tir-review-2024,paper,Advances in Thermal Infrared Remote Sensing Technology for Geothermal Resource Detection,,2024,review; methodological,geothermal; thermal_infrared; remote_sensing,10.3390/rs16101690,https://www.mdpi.com/2072-4292/16/10/1690,open_access,"Modern TIR-focused review; stresses integration with geology, geophysics and geochemistry.",Thermal anomalies are surface evidence and require target-specific corroboration.,concept-tir; concept-geothermal-prospectivity
paper-geothermal-early-ml-2026,paper,"Early-phase geothermal prospecting using remote sensing and machine learning: application to Buharkent and Germencik fields, Türkiye",Hakan Oktay Aydınlı; Gordana Kaplan; Saye Nihan Çabuk,2026,application; state_of_the_art,geothermal; remote_sensing; machine_learning,10.1016/j.geothermics.2026.103603,https://www.sciencedirect.com/science/article/abs/pii/S0375650526000088,publisher_page,"Recent application using LST, lineament density, hydrothermal alteration, K-means and Random Forest in mature geothermal fields.","Supports remote sensing as an early exploration/support tool, not standalone reservoir proof.",concept-lst; concept-lineaments; concept-hydrothermal-alteration; concept-geothermal-prospectivity
paper-geothermal-ai-2022,paper,The Geothermal Artificial Intelligence for geothermal exploration,,2022,methodological; application,geothermal; ai; remote_sensing; geophysics,10.1016/j.renene.2022.04.113,https://www.sciencedirect.com/science/article/pii/S096014812200581X,publisher_page,Integrates geological/geophysical information and remote-sensing indicators in an AI geothermal exploration framework.,Representative hybrid data-fusion direction.,concept-geothermal-prospectivity; concept-machine-learning; concept-geophysics
paper-geothermal-japan-2026,paper,"Evaluating the Efficiency of Machine Learning Algorithms in Identifying Geothermal Energy Potential Areas in Akita and Iwate Provinces, Japan",Majid Kiavarz; Mohammadreza Jelokhani-Niaraki; Avin Meysami; Yasaman Ghorbani; Najmeh Neysani Samany,2026,application; state_of_the_art,geothermal; machine_learning; remote_sensing,10.5194/isprs-archives-XLIX-B2-2026-699-2026,https://isprs-archives.copernicus.org/articles/XLIX-B2-2026/699/2026/,open_access,Very recent ML application under limited well data; useful for data-scarcity and validation discussions.,"Useful contemporary case, but reported accuracy should be interpreted with sampling/validation design in mind.",concept-geothermal-prospectivity; concept-data-scarcity; concept-random-forest
paper-prithvi-eo2-2024,paper,Prithvi-EO-2.0: A Versatile Multi-Temporal Foundation Model for Earth Observation Applications,Daniela Szwarcman; Sujit Roy; Paolo Fraccaro; et al.,2024,methodological; state_of_the_art,earth_observation; foundation_models; multitemporal,,https://arxiv.org/abs/2412.02732,open_access,Strong open EO foundation model: 300M/600M models trained on 4.2M global HLS time-series samples with temporal/location embeddings.,Highly actionable for downstream fine-tuning and benchmark comparisons.,repo-prithvi-eo2; dataset-hls-v2; repo-terratorch
paper-terramind-2025,paper,TerraMind: Large-Scale Generative Multimodality for Earth Observation,Johannes Jakubik; Felix Yang; Benedikt Blumenstiel; et al.,2025,methodological; state_of_the_art,earth_observation; foundation_models; multimodal; generative_ai,,https://arxiv.org/abs/2504.11171,open_access,Any-to-any generative multimodal EO foundation model trained across nine modalities; introduces Thinking-in-Modalities.,Especially relevant for optical+SAR/multimodal research hypotheses.,repo-terramind; repo-terratorch; concept-multimodal-eo
paper-satmae-2022,paper,SatMAE: Pre-training Transformers for Temporal and Multi-Spectral Satellite Imagery,Yezhen Cong; Samar Khanna; Chenlin Meng; Patrick Liu; Erik Rozi; Yutong He; Marshall Burke; David B. Lobell; Stefano Ermon,2022,seminal; methodological,earth_observation; foundation_models; transformers; self_supervised_learning,,https://arxiv.org/abs/2207.08051,open_access,Seminal EO masked-autoencoder work explicitly modeling temporal and multispectral satellite structure.,Foundational precursor for later EO foundation models.,repo-satmae; concept-masked-autoencoder; concept-transformer
paper-rsfm-survey-2025,paper,Foundation Models for Remote Sensing and Earth Observation: A Survey,Aoran Xiao; Weihao Xuan; Junjue Wang; Jiaxing Huang; Dacheng Tao; Shijian Lu; Naoto Yokoya,2025,review; state_of_the_art,earth_observation; foundation_models,10.1109/MGRS.2025.3576766,https://arxiv.org/abs/2410.16602,open_access_preprint,"Broad taxonomy and benchmark-oriented survey spanning visual, vision-language and other RS foundation models.",Excellent snowballing root for the foundation-model branch.,paper-prithvi-eo2-2024; paper-terramind-2025; paper-satmae-2022; repo-dofa; repo-clay
paper-vfm-rs-survey-2024,paper,Vision Foundation Models in Remote Sensing: A Survey,Siqi Lu; Junlin Guo; James R Zimmer-Dauphinee; et al.,2024,review,earth_observation; foundation_models; computer_vision,,https://arxiv.org/abs/2408.03464,open_access,"Complementary survey of vision foundation models, pretraining datasets and transfer/generalization issues.",Useful for model-family comparison and research-gap triangulation.,paper-rsfm-survey-2025; concept-foundation-model
paper-hls-v2-2025,paper,The Harmonized Landsat and Sentinel-2 Version 2.0 Surface Reflectance Dataset,J. Ju; Q. Zhou; B. Freitag; D. P. Roy; H. K. Zhang; M. Sridhar; et al.,2025,dataset; methodological,earth_observation; surface_reflectance; multitemporal,10.1016/j.rse.2025.114723,https://hls.gsfc.nasa.gov/documents/,official_project,Analysis-ready harmonized Landsat/Sentinel-2 dataset underpinning Prithvi-EO-2.0 and many temporal EO workflows.,Important data foundation for reproducible temporal EO experiments.,dataset-hls-v2; paper-prithvi-eo2-2024
repo-prithvi-eo2,repository,NASA-IMPACT/Prithvi-EO-2.0,NASA IMPACT; IBM Research,2024,implementation,earth_observation; foundation_models,,https://github.com/NASA-IMPACT/Prithvi-EO-2.0,open_source,Official code/examples for Prithvi-EO-2.0 fine-tuning.,,paper-prithvi-eo2-2024; repo-terratorch
repo-terramind,repository,IBM/terramind,IBM; ESA Φ-lab,2025,implementation,earth_observation; foundation_models; multimodal,,https://github.com/IBM/terramind,open_source,"Official TerraMind code examples, generation and fine-tuning.",,paper-terramind-2025; repo-terratorch
repo-clay,repository,Clay Foundation Model,Clay Foundation,2025,implementation; foundation_model,earth_observation; foundation_models,,https://github.com/Clay-foundation/model,open_source,Open EO foundation model with geospatial/temporal context and Sentinel-1/Sentinel-2/DEM-oriented workflows.,,paper-rsfm-survey-2025; repo-torchgeo
repo-dofa,repository,DOFA: Dynamic One-For-All Foundation Model,zhu-xlab,2024,implementation; foundation_model,earth_observation; foundation_models; multimodal,,https://github.com/zhu-xlab/DOFA,open_source,Unified EO model designed to handle arbitrary channel counts and multiple sensor modalities.,,paper-rsfm-survey-2025; repo-terratorch
repo-satmae,repository,sustainlab-group/SatMAE,SustainLab,2022,implementation,earth_observation; foundation_models,,https://github.com/sustainlab-group/SatMAE,open_source,Official SatMAE code for temporal and multispectral masked-autoencoder pretraining.,,paper-satmae-2022
repo-terratorch,repository,TerraTorch,TorchGeo/IBM community,2024,implementation; tooling,earth_observation; foundation_models; deep_learning,,https://github.com/torchgeo/terratorch,open_source,Fine-tuning framework for geospatial foundation models; integrates with TorchGeo and multiple model families.,,repo-torchgeo; repo-prithvi-eo2; repo-terramind; repo-dofa
repo-torchgeo,repository,TorchGeo,TorchGeo community,2025,implementation; tooling,earth_observation; deep_learning; datasets,,https://github.com/torchgeo/torchgeo,open_source,"PyTorch geospatial datasets, samplers, transforms and pretrained models; strong implementation substrate.",,repo-terratorch; dataset-bigearthnet
repo-samgeo,repository,segment-geospatial (SamGeo),Qiusheng Wu; Lucas Prado Osco; contributors,2023,implementation; segmentation,earth_observation; segmentation; foundation_models,,https://github.com/opengeos/segment-geospatial,open_source,Practical geospatial SAM tooling for raster/vector segmentation and interactive workflows.,,concept-segmentation; repo-torchgeo
repo-satlas,repository,allenai/satlas,Allen Institute for AI,2023,implementation; dataset,earth_observation; foundation_models,,https://github.com/allenai/satlas,open_source,Satlas geospatial data plus SatlasPretrain dataset/model resources.,,repo-satlas-models
repo-satlas-models,repository,allenai/satlaspretrain_models,Allen Institute for AI,2023,implementation; foundation_model,earth_observation; foundation_models,,https://github.com/allenai/satlaspretrain_models,open_source,"Pretrained models for Sentinel-1/2, Landsat and aerial imagery.",,repo-satlas
dataset-jrc-gsw-v1-4,dataset,JRC Global Surface Water Mapping Layers v1.4,European Commission JRC; Google,2021,benchmark; dataset,surface_water; earth_observation,,https://developers.google.com/earth-engine/datasets/catalog/JRC_GSW1_4_GlobalSurfaceWater,open_data,Global 30 m surface-water occurrence/change layers derived from 4.7M+ Landsat scenes through 2021.,,paper-pekel-2016-gsw; dataset-landsat-c2-sr
dataset-hls-v2,dataset,Harmonized Landsat and Sentinel-2 v2.0 (HLS),NASA,2025,dataset; analysis_ready_data,earth_observation; surface_reflectance; multitemporal,,https://hls.gsfc.nasa.gov/data-access-and-tools/,open_data,Analysis-ready harmonized Landsat/Sentinel-2 surface reflectance with frequent revisit; core pretraining source for Prithvi-EO-2.0.,,paper-hls-v2-2025; paper-prithvi-eo2-2024
dataset-landsat-c2-sr,dataset,Landsat Collection 2 Surface Reflectance,USGS,2020,dataset; foundational,earth_observation; surface_reflectance,,https://www.usgs.gov/landsat-missions/landsat-collection-2-surface-reflectance,open_data,Core 30 m analysis-ready optical record used broadly for long-term surface-water and geothermal studies.,,dataset-jrc-gsw-v1-4; dataset-hls-v2
dataset-sentinel2,dataset,Copernicus Sentinel-2 MSI products,European Union Copernicus; ESA,2025,dataset; sensor,earth_observation; multispectral,,https://sentinels.copernicus.eu/sentinel-data-access/sentinel-products/sentinel-2-data-products,open_data,"10–60 m multispectral data with Level-1C/Level-2A products; central optical source for water, alteration and EO FM research.",,dataset-hls-v2; dataset-bigearthnet
dataset-bigearthnet,dataset,BigEarthNet v2.0,BigEarthNet team,2025,benchmark; dataset,earth_observation; multimodal; classification,,https://bigearth.net/,open_data,Large-scale Sentinel-1/Sentinel-2 benchmark with current v2.0 releases; useful for multimodal EO representation learning.,,repo-torchgeo; dataset-sentinel2
dataset-bigearthnet-txt,dataset,BigEarthNet.txt,Johann-Ludwig Herzog; Mathis Jürgen Adler; et al.,2026,benchmark; state_of_the_art,earth_observation; multimodal; vision_language,,https://txt.bigearth.net/,open_data,2026 multi-sensor image-text benchmark: ~464k co-registered S1/S2 images and ~9.6M S1-S2-text triplets.,,dataset-bigearthnet; concept-multimodal-eo
dataset-usgs-geothermal,dataset_catalog,USGS Geothermal Data Releases,USGS,2026,dataset_catalog,geothermal; geophysics; geochemistry,,https://www.usgs.gov/search?f%5B0%5D=usgs_facet%3Aproducts_data&keywords=Geothermal,open_data,"Official geothermal data releases including magnetotellurics, resource favorability and geochemical/hydrologic data.",,concept-geothermal-prospectivity; concept-geophysics
infra-networkx,documentation,NetworkX MultiDiGraph documentation,NetworkX project,2026,implementation,knowledge_graph,,https://networkx.org/documentation/stable/reference/classes/index.html,open_docs,"Supports directed graphs with parallel edges, matching qualified scientific relations in the V1 design.",,infra-pyvis
infra-pyvis,documentation,PyVis documentation,PyVis project,2026,implementation,knowledge_graph; visualization,,https://pyvis.readthedocs.io/en/latest/,open_docs,Interactive HTML network visualization with NetworkX integration; suitable as a derived V1 view.,,infra-networkx
infra-pydantic,documentation,Pydantic JSON Schema documentation,Pydantic project,2026,implementation,data_validation; knowledge_graph,,https://docs.pydantic.dev/latest/concepts/json_schema/,open_docs,Typed validation plus standards-compliant JSON Schema generation for scientific records.,,infra-networkx
infra-sqlite-fts5,documentation,SQLite FTS5 Extension,SQLite project,2026,implementation,search; knowledge_graph,,https://www.sqlite.org/fts5.html,open_docs,Local deterministic full-text search layer appropriate for a rebuildable V1 index.,,infra-networkx
api-openalex,api,OpenAlex API / Help,OurResearch,2026,discovery_api,bibliography; literature_discovery,,https://help.openalex.org/,public_api,"Open scholarly graph for works, authors, institutions and citations; useful for forward/backward expansion.",,api-crossref; api-semanticscholar
api-crossref,api,Crossref REST API,Crossref,2026,metadata_api,bibliography; doi,,https://www.crossref.org/documentation/retrieve-metadata/rest-api/,public_api,Canonical DOI metadata retrieval and normalization.,,api-openalex; infra-csl
api-semanticscholar,api,Semantic Scholar Academic Graph API,Allen Institute for AI,2026,discovery_api,bibliography; literature_discovery,,https://api.semanticscholar.org/api-docs/,public_api,Paper/citation graph API useful as a complementary discovery source.,,api-openalex
infra-csl,documentation,Citation Style Language specification,Citation Style Language project,2026,bibliography_format,bibliography,,https://docs.citationstyles.org/en/stable/specification.html,open_docs,Interoperable citation/bibliography representation supporting the DESIGN choice of generated CSL-JSON.,,api-crossref
